{
    "batch_size": 128,
    "best_eval_metric": 0.212092787027359,
    "best_increase_batch_size_eval_metric": Infinity,
    "best_reduce_learning_rate_eval_metric": Infinity,
    "epoch": 10,
    "last_improvement": 0,
    "last_improvement_epoch": 10,
    "last_increase_batch_size": 0,
    "last_increase_batch_size_epoch": 0,
    "last_increase_batch_size_eval_metric_improvement": 0,
    "last_learning_rate_reduction": 0,
    "last_learning_rate_reduction_epoch": 0,
    "last_reduce_learning_rate_eval_metric_improvement": 0,
    "learning_rate": 0.001,
    "num_increases_batch_size": 0,
    "num_reductions_learning_rate": 0,
    "steps": 360,
    "test_metrics": {
        "combined": {
            "loss": [
                3.788363456726074,
                3.2975332736968994,
                2.8109254837036133,
                2.3326199054718018,
                1.8667877912521362,
                1.434998631477356,
                1.0171765089035034,
                0.6493591070175171,
                0.3594329059123993,
                0.20198015868663788
            ]
        },
        "test_result": {
            "accuracy": [
                0.8420233726501465,
                0.8505836725234985,
                0.851361870765686,
                0.8544747233390808,
                0.8474708199501038,
                0.8389105200767517,
                0.8249027132987976,
                0.8272373676300049,
                0.8568093180656433,
                0.9408560395240784
            ],
            "hits_at_k": [
                1.0,
                1.0,
                1.0,
                1.0,
                1.0,
                1.0,
                1.0,
                1.0,
                1.0,
                1.0
            ],
            "loss": [
                3.932211399078369,
                3.427325487136841,
                2.927865743637085,
                2.438749074935913,
                1.9613620042800903,
                1.5155571699142456,
                1.0784255266189575,
                0.6832192540168762,
                0.3662782609462738,
                0.19844180345535278
            ]
        }
    },
    "train_metrics": {
        "combined": {
            "loss": [
                3.004176616668701,
                2.609405994415283,
                2.220372438430786,
                1.839622974395752,
                1.4710588455200195,
                1.13341224193573,
                0.814574122428894,
                0.5338454246520996,
                0.3149197995662689,
                0.18586201965808868
            ]
        },
        "test_result": {
            "accuracy": [
                0.8513959050178528,
                0.8564519882202148,
                0.8579907417297363,
                0.8577709197998047,
                0.8513959050178528,
                0.8417234420776367,
                0.822598397731781,
                0.8294130563735962,
                0.8645856380462646,
                0.9432842135429382
            ],
            "hits_at_k": [
                1.0,
                1.0,
                1.0,
                1.0,
                1.0,
                1.0,
                1.0,
                1.0,
                1.0,
                1.0
            ],
            "loss": [
                3.225733518600464,
                2.8002400398254395,
                2.379835367202759,
                1.9675453901290894,
                1.5683947801589966,
                1.2032740116119385,
                0.8587228655815125,
                0.5586432814598083,
                0.32488343119621277,
                0.190565288066864
            ]
        }
    },
    "vali_metrics": {
        "combined": {
            "loss": [
                3.978429079055786,
                3.447932481765747,
                2.922290325164795,
                2.4055237770080566,
                1.905726671218872,
                1.449241042137146,
                1.0151569843292236,
                0.649422287940979,
                0.36737364530563354,
                0.212092787027359
            ]
        },
        "test_result": {
            "accuracy": [
                0.8193760514259338,
                0.825944185256958,
                0.8308702707290649,
                0.8341543674468994,
                0.825944185256958,
                0.8177340030670166,
                0.7914614081382751,
                0.8062397241592407,
                0.8456485867500305,
                0.9376026391983032
            ],
            "hits_at_k": [
                1.0,
                1.0,
                1.0,
                1.0,
                1.0,
                1.0,
                1.0,
                1.0,
                1.0,
                1.0
            ],
            "loss": [
                3.702516555786133,
                3.2144646644592285,
                2.7333266735076904,
                2.2637240886688232,
                1.8093076944351196,
                1.3914194107055664,
                0.9923213124275208,
                0.6386992931365967,
                0.35922059416770935,
                0.20303240418434143
            ]
        }
    }
}