{
    "batch_size": 128,
    "best_eval_metric": 0.39171984791755676,
    "best_increase_batch_size_eval_metric": Infinity,
    "best_reduce_learning_rate_eval_metric": Infinity,
    "epoch": 5,
    "last_improvement": 4,
    "last_improvement_epoch": 1,
    "last_increase_batch_size": 0,
    "last_increase_batch_size_epoch": 0,
    "last_increase_batch_size_eval_metric_improvement": 0,
    "last_learning_rate_reduction": 0,
    "last_learning_rate_reduction_epoch": 0,
    "last_reduce_learning_rate_eval_metric_improvement": 0,
    "learning_rate": 0.001,
    "num_increases_batch_size": 0,
    "num_reductions_learning_rate": 0,
    "steps": 5,
    "test_metrics": {
        "combined": {
            "loss": [
                0.0725541040301323,
                0.06698298454284668,
                0.06189635023474693,
                0.0572722852230072,
                0.05308377742767334
            ]
        },
        "test_result": {
            "accuracy": [
                1.0,
                1.0,
                1.0,
                1.0,
                1.0
            ],
            "hits_at_k": [
                1.0,
                1.0,
                1.0,
                1.0,
                1.0
            ],
            "loss": [
                0.0725541040301323,
                0.06698298454284668,
                0.06189635023474693,
                0.0572722852230072,
                0.05308377742767334
            ]
        }
    },
    "train_metrics": {
        "combined": {
            "loss": [
                0.006669759284704924,
                0.005572973750531673,
                0.0046680523082613945,
                0.003923220559954643,
                0.0033109153155237436
            ]
        },
        "test_result": {
            "accuracy": [
                1.0,
                1.0,
                1.0,
                1.0,
                1.0
            ],
            "hits_at_k": [
                1.0,
                1.0,
                1.0,
                1.0,
                1.0
            ],
            "loss": [
                0.006669759284704924,
                0.005572973750531673,
                0.0046680523082613945,
                0.003923220559954643,
                0.0033109153155237436
            ]
        }
    },
    "vali_metrics": {
        "combined": {
            "loss": [
                0.39171984791755676,
                0.42455703020095825,
                0.4590674042701721,
                0.49502915143966675,
                0.5321934819221497
            ]
        },
        "test_result": {
            "accuracy": [
                1.0,
                1.0,
                1.0,
                1.0,
                1.0
            ],
            "hits_at_k": [
                1.0,
                1.0,
                1.0,
                1.0,
                1.0
            ],
            "loss": [
                0.39171984791755676,
                0.42455703020095825,
                0.4590674042701721,
                0.49502915143966675,
                0.5321934819221497
            ]
        }
    }
}