{
    "test": {
        "combined": {
            "loss": [
                0.00013255194062367082,
                0.0001209901092806831,
                0.00011062010162277147,
                0.0001012035645544529,
                9.285972191719338e-05,
                8.546940807718784e-05
            ]
        },
        "test_result": {
            "accuracy": [
                1.0,
                1.0,
                1.0,
                1.0,
                1.0,
                1.0
            ],
            "hits_at_k": [
                1.0,
                1.0,
                1.0,
                1.0,
                1.0,
                1.0
            ],
            "loss": [
                0.00013255194062367082,
                0.0001209901092806831,
                0.00011062010162277147,
                0.0001012035645544529,
                9.285972191719338e-05,
                8.546940807718784e-05
            ]
        }
    },
    "training": {
        "combined": {
            "loss": [
                0.00022003613412380219,
                0.0001821352052502334,
                0.0001512651506345719,
                0.00012599628826137632,
                0.00010549465514486656,
                8.880697714630514e-05
            ]
        },
        "test_result": {
            "accuracy": [
                1.0,
                1.0,
                1.0,
                1.0,
                1.0,
                1.0
            ],
            "hits_at_k": [
                1.0,
                1.0,
                1.0,
                1.0,
                1.0,
                1.0
            ],
            "loss": [
                0.00022003613412380219,
                0.0001821352052502334,
                0.0001512651506345719,
                0.00012599628826137632,
                0.00010549465514486656,
                8.880697714630514e-05
            ]
        }
    },
    "validation": {
        "combined": {
            "loss": [
                0.001938013592734933,
                0.0021288369316607714,
                0.0023352038115262985,
                0.0025567482225596905,
                0.002792865503579378,
                0.0030427132733166218
            ]
        },
        "test_result": {
            "accuracy": [
                1.0,
                1.0,
                1.0,
                1.0,
                1.0,
                1.0
            ],
            "hits_at_k": [
                1.0,
                1.0,
                1.0,
                1.0,
                1.0,
                1.0
            ],
            "loss": [
                0.001938013592734933,
                0.0021288369316607714,
                0.0023352038115262985,
                0.0025567482225596905,
                0.002792865503579378,
                0.0030427132733166218
            ]
        }
    }
}