{
    "test": {
        "combined": {
            "loss": [
                0.0725541040301323,
                0.06698298454284668,
                0.06189635023474693,
                0.0572722852230072,
                0.05308377742767334,
                0.04930008947849274
            ]
        },
        "test_result": {
            "accuracy": [
                1.0,
                1.0,
                1.0,
                1.0,
                1.0,
                1.0
            ],
            "hits_at_k": [
                1.0,
                1.0,
                1.0,
                1.0,
                1.0,
                1.0
            ],
            "loss": [
                0.0725541040301323,
                0.06698298454284668,
                0.06189635023474693,
                0.0572722852230072,
                0.05308377742767334,
                0.04930008947849274
            ]
        }
    },
    "training": {
        "combined": {
            "loss": [
                0.006669759284704924,
                0.005572973750531673,
                0.0046680523082613945,
                0.003923220559954643,
                0.0033109153155237436,
                0.0028076060116291046
            ]
        },
        "test_result": {
            "accuracy": [
                1.0,
                1.0,
                1.0,
                1.0,
                1.0,
                1.0
            ],
            "hits_at_k": [
                1.0,
                1.0,
                1.0,
                1.0,
                1.0,
                1.0
            ],
            "loss": [
                0.006669759284704924,
                0.005572973750531673,
                0.0046680523082613945,
                0.003923220559954643,
                0.0033109153155237436,
                0.0028076060116291046
            ]
        }
    },
    "validation": {
        "combined": {
            "loss": [
                0.39171984791755676,
                0.42455703020095825,
                0.4590674042701721,
                0.49502915143966675,
                0.5321934819221497,
                0.5702970623970032
            ]
        },
        "test_result": {
            "accuracy": [
                1.0,
                1.0,
                1.0,
                1.0,
                1.0,
                1.0
            ],
            "hits_at_k": [
                1.0,
                1.0,
                1.0,
                1.0,
                1.0,
                1.0
            ],
            "loss": [
                0.39171984791755676,
                0.42455703020095825,
                0.4590674042701721,
                0.49502915143966675,
                0.5321934819221497,
                0.5702970623970032
            ]
        }
    }
}