{
    "batch_size": 128,
    "best_eval_metric": 0.001938013592734933,
    "best_increase_batch_size_eval_metric": Infinity,
    "best_reduce_learning_rate_eval_metric": Infinity,
    "epoch": 5,
    "last_improvement": 4,
    "last_improvement_epoch": 1,
    "last_increase_batch_size": 0,
    "last_increase_batch_size_epoch": 0,
    "last_increase_batch_size_eval_metric_improvement": 0,
    "last_learning_rate_reduction": 0,
    "last_learning_rate_reduction_epoch": 0,
    "last_reduce_learning_rate_eval_metric_improvement": 0,
    "learning_rate": 0.001,
    "num_increases_batch_size": 0,
    "num_reductions_learning_rate": 0,
    "steps": 5,
    "test_metrics": {
        "combined": {
            "loss": [
                0.00013255194062367082,
                0.0001209901092806831,
                0.00011062010162277147,
                0.0001012035645544529,
                9.285972191719338e-05
            ]
        },
        "test_result": {
            "accuracy": [
                1.0,
                1.0,
                1.0,
                1.0,
                1.0
            ],
            "hits_at_k": [
                1.0,
                1.0,
                1.0,
                1.0,
                1.0
            ],
            "loss": [
                0.00013255194062367082,
                0.0001209901092806831,
                0.00011062010162277147,
                0.0001012035645544529,
                9.285972191719338e-05
            ]
        }
    },
    "train_metrics": {
        "combined": {
            "loss": [
                0.00022003613412380219,
                0.0001821352052502334,
                0.0001512651506345719,
                0.00012599628826137632,
                0.00010549465514486656
            ]
        },
        "test_result": {
            "accuracy": [
                1.0,
                1.0,
                1.0,
                1.0,
                1.0
            ],
            "hits_at_k": [
                1.0,
                1.0,
                1.0,
                1.0,
                1.0
            ],
            "loss": [
                0.00022003613412380219,
                0.0001821352052502334,
                0.0001512651506345719,
                0.00012599628826137632,
                0.00010549465514486656
            ]
        }
    },
    "vali_metrics": {
        "combined": {
            "loss": [
                0.001938013592734933,
                0.0021288369316607714,
                0.0023352038115262985,
                0.0025567482225596905,
                0.002792865503579378
            ]
        },
        "test_result": {
            "accuracy": [
                1.0,
                1.0,
                1.0,
                1.0,
                1.0
            ],
            "hits_at_k": [
                1.0,
                1.0,
                1.0,
                1.0,
                1.0
            ],
            "loss": [
                0.001938013592734933,
                0.0021288369316607714,
                0.0023352038115262985,
                0.0025567482225596905,
                0.002792865503579378
            ]
        }
    }
}