{
    "test": {
        "combined": {
            "loss": [
                3.789022922515869,
                3.2965402603149414
            ]
        },
        "test_result": {
            "accuracy": [
                0.8420233726501465,
                0.8505836725234985
            ],
            "hits_at_k": [
                1.0,
                1.0
            ],
            "loss": [
                3.9327430725097656,
                3.4266905784606934
            ]
        }
    },
    "training": {
        "combined": {
            "loss": [
                3.111877202987671,
                2.6997265815734863
            ]
        },
        "test_result": {
            "accuracy": [
                0.8516157269477844,
                0.8564519882202148
            ],
            "hits_at_k": [
                1.0,
                1.0
            ],
            "loss": [
                3.1917989253997803,
                2.7696402072906494
            ]
        }
    },
    "validation": {
        "combined": {
            "loss": [
                3.9793765544891357,
                3.4462192058563232
            ]
        },
        "test_result": {
            "accuracy": [
                0.8193760514259338,
                0.825944185256958
            ],
            "hits_at_k": [
                1.0,
                1.0
            ],
            "loss": [
                3.7030062675476074,
                3.2129714488983154
            ]
        }
    }
}